title,url,url_path
5 Things to Know About Zika and Pregnancy,https://kidshealth.org/en/parents/5-zika.html,/en/parents/5-zika.html
Abdominal Migraine,https://kidshealth.org/en/parents/abdominal-migraine.html,/en/parents/abdominal-migraine.html
Epigenetics,https://kidshealth.org/en/parents/about-epigenetics.html,/en/parents/about-epigenetics.html
Skin Abscesses,https://kidshealth.org/en/parents/abscess.html,/en/parents/abscess.html
Acanthosis Nigricans,https://kidshealth.org/en/parents/acanthosis.html,/en/parents/acanthosis.html
How to Safely Give Acetaminophen,https://kidshealth.org/en/parents/acetaminophen.html,/en/parents/acetaminophen.html
Acute Kidney Failure,https://kidshealth.org/en/parents/acute-kidney-failure.html,/en/parents/acute-kidney-failure.html
Assistive Devices: Adaptive Bicycle,https://kidshealth.org/en/parents/adaptive-bicycle.html,/en/parents/adaptive-bicycle.html
Adenovirus Infections,https://kidshealth.org/en/parents/adenovirus.html,/en/parents/adenovirus.html
Adrenal Insufficiency,https://kidshealth.org/en/parents/adrenal-insufficiency.html,/en/parents/adrenal-insufficiency.html
Albinism,https://kidshealth.org/en/parents/albinism.html,/en/parents/albinism.html
Acute Lymphoblastic Leukemia (ALL),https://kidshealth.org/en/parents/all.html,/en/parents/all.html
Amblyopia,https://kidshealth.org/en/parents/amblyopia.html,/en/parents/amblyopia.html
Amebiasis,https://kidshealth.org/en/parents/amebiasis.html,/en/parents/amebiasis.html
Acute Myeloid Leukemia (AML),https://kidshealth.org/en/parents/aml.html,/en/parents/aml.html
Auditory Neuropathy Spectrum Disorder (ANSD),https://kidshealth.org/en/parents/ansd.html,/en/parents/ansd.html
The Danger of Antibiotic Overuse,https://kidshealth.org/en/parents/antibiotic-overuse.html,/en/parents/antibiotic-overuse.html
Antibiotics,https://kidshealth.org/en/parents/antibiotics.html,/en/parents/antibiotics.html
Aortic Aneurysm,https://kidshealth.org/en/parents/aortic-aneurysm.html,/en/parents/aortic-aneurysm.html
Interrupted Aortic Arch (IAA),https://kidshealth.org/en/parents/aortic-arch.html,/en/parents/aortic-arch.html
Aortic Stenosis,https://kidshealth.org/en/parents/aortic-stenosis.html,/en/parents/aortic-stenosis.html
Aplastic Anemia,https://kidshealth.org/en/parents/aplastic-anemia.html,/en/parents/aplastic-anemia.html
Obstructive Sleep Apnea,https://kidshealth.org/en/parents/apnea.html,/en/parents/apnea.html
Appendicitis in Kids & Teens,https://kidshealth.org/en/parents/appendicitis.html,/en/parents/appendicitis.html
Arteriovenous Malformations,https://kidshealth.org/en/parents/arteriovenous-malformations.html,/en/parents/arteriovenous-malformations.html
Ascariasis,https://kidshealth.org/en/parents/ascariasis.html,/en/parents/ascariasis.html
Atrial Septal Defect (ASD),https://kidshealth.org/en/parents/asd.html,/en/parents/asd.html
Astigmatism,https://kidshealth.org/en/parents/astigmatism.html,/en/parents/astigmatism.html
Ataxia-Telangiectasia,https://kidshealth.org/en/parents/ataxia-telangiectasia.html,/en/parents/ataxia-telangiectasia.html
Ataxic Cerebral Palsy,https://kidshealth.org/en/parents/ataxic-cp.html,/en/parents/ataxic-cp.html
Athlete's Foot,https://kidshealth.org/en/parents/athletes-foot.html,/en/parents/athletes-foot.html
Is There a Connection Between Vaccines and Autism?,https://kidshealth.org/en/parents/autism-studies.html,/en/parents/autism-studies.html
How to Take an Axillary (Armpit) Temperature,https://kidshealth.org/en/parents/axillary-temperature.html,/en/parents/axillary-temperature.html
Babesiosis,https://kidshealth.org/en/parents/babesiosis.html,/en/parents/babesiosis.html
Bedbugs,https://kidshealth.org/en/parents/bedbugs.html,/en/parents/bedbugs.html
Beta Thalassemia,https://kidshealth.org/en/parents/beta-thalassemia.html,/en/parents/beta-thalassemia.html
Biliary Atresia,https://kidshealth.org/en/parents/biliary-atresia.html,/en/parents/biliary-atresia.html
Bird Flu,https://kidshealth.org/en/parents/bird-flu.html,/en/parents/bird-flu.html
Birthmarks,https://kidshealth.org/en/parents/birthmarks.html,/en/parents/birthmarks.html
Black Eyes,https://kidshealth.org/en/parents/black-eyes.html,/en/parents/black-eyes.html
About Body Basics,https://kidshealth.org/en/parents/body-basics.html,/en/parents/body-basics.html
Booster Shots,https://kidshealth.org/en/parents/booster-shots.html,/en/parents/booster-shots.html
Infant Botulism,https://kidshealth.org/en/parents/botulism.html,/en/parents/botulism.html
Braces,https://kidshealth.org/en/parents/braces.html,/en/parents/braces.html
Brain and Nervous System Cancers,https://kidshealth.org/en/parents/brain-tumors.html,/en/parents/brain-tumors.html
Benign Rolandic Epilepsy,https://kidshealth.org/en/parents/brec.html,/en/parents/brec.html
Bronchiolitis,https://kidshealth.org/en/parents/bronchiolitis.html,/en/parents/bronchiolitis.html
Bronchitis,https://kidshealth.org/en/parents/bronchitis.html,/en/parents/bronchitis.html
Bruxism (Teeth Grinding or Clenching),https://kidshealth.org/en/parents/bruxism.html,/en/parents/bruxism.html
Bulimia,https://kidshealth.org/en/parents/bulimia.html,/en/parents/bulimia.html
Campylobacter Infections,https://kidshealth.org/en/parents/campylobacter.html,/en/parents/campylobacter.html
Cancer Treatment & Fertility,https://kidshealth.org/en/parents/cancer-fertility.html,/en/parents/cancer-fertility.html
Carbohydrates and Diabetes,https://kidshealth.org/en/parents/carbs-diabetes.html,/en/parents/carbs-diabetes.html
Cardiomyopathy,https://kidshealth.org/en/parents/cardiomyopathy.html,/en/parents/cardiomyopathy.html
Cat Scratch Disease,https://kidshealth.org/en/parents/cat-scratch.html,/en/parents/cat-scratch.html
Nemours KidsHealth® Celebrates 30 Years!,https://kidshealth.org/en/parents/celebrating-30-years.html,/en/parents/celebrating-30-years.html
Cellulitis,https://kidshealth.org/en/parents/cellulitis.html,/en/parents/cellulitis.html
Flu (Topic Center),https://kidshealth.org/en/parents/center/flu-center.html,/en/parents/center/flu-center.html
Wellness Centers,https://kidshealth.org/en/parents/centers/center.html,/en/parents/centers/center.html
Auditory Processing Disorder,https://kidshealth.org/en/parents/central-auditory.html,/en/parents/central-auditory.html
Central Nervous System: The Brain and Spinal Cord,https://kidshealth.org/en/parents/central-nervous-system.html,/en/parents/central-nervous-system.html
Cerebral Palsy (CP),https://kidshealth.org/en/parents/cerebral-palsy.html,/en/parents/cerebral-palsy.html
Cystic Fibrosis and Nutrition,https://kidshealth.org/en/parents/cf-nutrition.html,/en/parents/cf-nutrition.html
"Cystic Fibrosis: Signs, Diagnosis, Treatment",https://kidshealth.org/en/parents/cf.html,/en/parents/cf.html
Your Child's Changing Voice,https://kidshealth.org/en/parents/changing-voice.html,/en/parents/changing-voice.html
Chest Pain in Kids and Teens,https://kidshealth.org/en/parents/chest-pain.html,/en/parents/chest-pain.html
Chiari I Malformation,https://kidshealth.org/en/parents/chiari.html,/en/parents/chiari.html
Chickenpox (Varicella),https://kidshealth.org/en/parents/chicken-pox.html,/en/parents/chicken-pox.html
Chickenpox: Treatment & Care,https://kidshealth.org/en/parents/chickenpox-sheet.html,/en/parents/chickenpox-sheet.html
"Chigger Bites: Signs, Causes & Treatment",https://kidshealth.org/en/parents/chiggers.html,/en/parents/chiggers.html
Chikungunya,https://kidshealth.org/en/parents/chikungunya.html,/en/parents/chikungunya.html
Absence Seizures,https://kidshealth.org/en/parents/childhood-absence-epilepsy.html,/en/parents/childhood-absence-epilepsy.html
Coughing in Babies and Kids,https://kidshealth.org/en/parents/childs-cough.html,/en/parents/childs-cough.html
Chlamydia,https://kidshealth.org/en/parents/chlamydia.html,/en/parents/chlamydia.html
Cholera,https://kidshealth.org/en/parents/cholera.html,/en/parents/cholera.html
Cholesteatoma,https://kidshealth.org/en/parents/cholesteatoma.html,/en/parents/cholesteatoma.html
Cholesterol,https://kidshealth.org/en/parents/cholesterol.html,/en/parents/cholesterol.html
Chylothorax,https://kidshealth.org/en/parents/chylothorax.html,/en/parents/chylothorax.html
Chylous Ascites,https://kidshealth.org/en/parents/chylous-ascites.html,/en/parents/chylous-ascites.html
Chyluria,https://kidshealth.org/en/parents/chyluria.html,/en/parents/chyluria.html
Chronic Myelogenous Leukemia (CML),https://kidshealth.org/en/parents/cml.html,/en/parents/cml.html
Coarctation of the Aorta,https://kidshealth.org/en/parents/coa.html,/en/parents/coa.html
Cold Sores (HSV-1),https://kidshealth.org/en/parents/cold-sores.html,/en/parents/cold-sores.html
Colds,https://kidshealth.org/en/parents/cold.html,/en/parents/cold.html
Colic,https://kidshealth.org/en/parents/colic.html,/en/parents/colic.html
Communication and Your 13- to 18-Year-Old,https://kidshealth.org/en/parents/comm-13-to-18.html,/en/parents/comm-13-to-18.html
Toddler Language Development: 4–5 years,https://kidshealth.org/en/parents/comm-4-to-5.html,/en/parents/comm-4-to-5.html
Communication and Your 6- to 12-Year-Old,https://kidshealth.org/en/parents/comm-6-to-12.html,/en/parents/comm-6-to-12.html
Colds: Home Care,https://kidshealth.org/en/parents/common-cold-sheet.html,/en/parents/common-cold-sheet.html
Concussions: What Teachers Need to Know,https://kidshealth.org/en/parents/concussions-factsheet.html,/en/parents/concussions-factsheet.html
Congenital Adrenal Hyperplasia,https://kidshealth.org/en/parents/congenital-adrenal-hyperplasia.html,/en/parents/congenital-adrenal-hyperplasia.html
Congenital Hemangiomas,https://kidshealth.org/en/parents/congenital-hemangioma.html,/en/parents/congenital-hemangioma.html
Conjunctivitis (Pinkeye) In Kids,https://kidshealth.org/en/parents/conjunctivitis.html,/en/parents/conjunctivitis.html
Constricted Ears,https://kidshealth.org/en/parents/constricted-ears.html,/en/parents/constricted-ears.html
When Is an Illness Contagious?,https://kidshealth.org/en/parents/contagious-illnesses.html,/en/parents/contagious-illnesses.html
Is it Safe to Breastfeed if I Have COVID-19?,https://kidshealth.org/en/parents/coronavirus-breastfeeding.html,/en/parents/coronavirus-breastfeeding.html
COVID-19: What to Do if Your Child Is Sick,https://kidshealth.org/en/parents/coronavirus-child-is-sick.html,/en/parents/coronavirus-child-is-sick.html
COVID-19: How to Isolate at Home,https://kidshealth.org/en/parents/coronavirus-how-to-quarantine.html,/en/parents/coronavirus-how-to-quarantine.html
Understanding COVID-19,https://kidshealth.org/en/parents/coronavirus-landing-page.html,/en/parents/coronavirus-landing-page.html
COVID-19: Kids and Masks,https://kidshealth.org/en/parents/coronavirus-masks.html,/en/parents/coronavirus-masks.html
COVID-19: Pregnancy FAQs,https://kidshealth.org/en/parents/coronavirus-pregnancy.html,/en/parents/coronavirus-pregnancy.html
Coronavirus (COVID-19): Your Questions Answered,https://kidshealth.org/en/parents/coronavirus-questions-answers.html,/en/parents/coronavirus-questions-answers.html
COVID-19: Getting Tested,https://kidshealth.org/en/parents/coronavirus-tests.html,/en/parents/coronavirus-tests.html
COVID-19,https://kidshealth.org/en/parents/coronavirus.html,/en/parents/coronavirus.html
Cough: Treatment & Care,https://kidshealth.org/en/parents/cough-sheet.html,/en/parents/cough-sheet.html
COVID-19: What Are Variants?,https://kidshealth.org/en/parents/covid-delta-variant.html,/en/parents/covid-delta-variant.html
"Can Kids Get a COVID-19 Vaccine, Flu Vaccine, and RSV Shot at the Same Time?",https://kidshealth.org/en/parents/covid-flu-vaccines.html,/en/parents/covid-flu-vaccines.html
Questions & Answers About COVID-19 Vaccines,https://kidshealth.org/en/parents/covid-vaccines.html,/en/parents/covid-vaccines.html
Coxsackievirus Infections,https://kidshealth.org/en/parents/coxsackie.html,/en/parents/coxsackie.html
Cradle Cap (Seborrheic Dermatitis) in Infants,https://kidshealth.org/en/parents/cradle-cap.html,/en/parents/cradle-cap.html
Craniopharyngioma,https://kidshealth.org/en/parents/craniopharyngioma.html,/en/parents/craniopharyngioma.html
Croup,https://kidshealth.org/en/parents/croup.html,/en/parents/croup.html
Cryptotia,https://kidshealth.org/en/parents/cryptotia.html,/en/parents/cryptotia.html
Cushing Syndrome,https://kidshealth.org/en/parents/cushing-syndrome.html,/en/parents/cushing-syndrome.html
Cytomegalovirus (CMV),https://kidshealth.org/en/parents/cytomegalovirus.html,/en/parents/cytomegalovirus.html
Dandruff,https://kidshealth.org/en/parents/dandruff.html,/en/parents/dandruff.html
Delayed Puberty,https://kidshealth.org/en/parents/delayed-puberty.html,/en/parents/delayed-puberty.html
Delayed Sleep-Wake Phase Disorder in Teens,https://kidshealth.org/en/parents/delayed-sleep-teens.html,/en/parents/delayed-sleep-teens.html
Dengue Fever,https://kidshealth.org/en/parents/dengue.html,/en/parents/dengue.html
Deodorant Use for Kids and Teens,https://kidshealth.org/en/parents/deodorant.html,/en/parents/deodorant.html
Your Child's Development: 15 Months,https://kidshealth.org/en/parents/development-15mos.html,/en/parents/development-15mos.html
Developmental Milestones at 18 months (1.5 Years),https://kidshealth.org/en/parents/development-18mos.html,/en/parents/development-18mos.html
Your Child’s Development: 2 Years (24 Months),https://kidshealth.org/en/parents/development-24mos.html,/en/parents/development-24mos.html
Your Child’s Development: 2.5 Years (30 Months),https://kidshealth.org/en/parents/development-30mos.html,/en/parents/development-30mos.html
Your Child’s Development: 3 Years,https://kidshealth.org/en/parents/development-3yrs.html,/en/parents/development-3yrs.html
Your Child's Development (Birth to 5 Years Old),https://kidshealth.org/en/parents/development-sheets.html,/en/parents/development-sheets.html
Diabetes Glossary,https://kidshealth.org/en/parents/diabetes-glossary.html,/en/parents/diabetes-glossary.html
Diabetes To-Go Kit,https://kidshealth.org/en/parents/diabetes-kit.html,/en/parents/diabetes-kit.html
Keeping Diabetes Under Control When Your Child is Sick,https://kidshealth.org/en/parents/diabetes-sick-days.html,/en/parents/diabetes-sick-days.html
Diabetic Ketoacidosis,https://kidshealth.org/en/parents/diabetic-ketoacidosis.html,/en/parents/diabetic-ketoacidosis.html
Diamond-Blackfan Anemia,https://kidshealth.org/en/parents/diamond-blackfan-anemia.html,/en/parents/diamond-blackfan-anemia.html
Diaper Rash Causes & Prevention,https://kidshealth.org/en/parents/diaper-rash.html,/en/parents/diaper-rash.html
Diarrhea,https://kidshealth.org/en/parents/diarrhea.html,/en/parents/diarrhea.html
Diphtheria,https://kidshealth.org/en/parents/diphtheria.html,/en/parents/diphtheria.html
Double Outlet Right Ventricle (DORV),https://kidshealth.org/en/parents/dorv.html,/en/parents/dorv.html
"Your Child's Vaccines: Diphtheria, Tetanus & Pertussis Vaccine (DTaP, Tdap)",https://kidshealth.org/en/parents/dtap-vaccine.html,/en/parents/dtap-vaccine.html
Dyskinetic Cerebral Palsy,https://kidshealth.org/en/parents/dyskinetic-cp.html,/en/parents/dyskinetic-cp.html
Ear Anomalies,https://kidshealth.org/en/parents/ear-anomalies.html,/en/parents/ear-anomalies.html
Ear Canal Stenosis,https://kidshealth.org/en/parents/ear-canal-stenosis.html,/en/parents/ear-canal-stenosis.html
How to Give Your Child Ear Drops,https://kidshealth.org/en/parents/ear-drops.html,/en/parents/ear-drops.html
Can I Prevent Ear Infections When My Child Swims?,https://kidshealth.org/en/parents/ear-infections-swimming.html,/en/parents/ear-infections-swimming.html
Ear Tube Surgery,https://kidshealth.org/en/parents/ear-infections.html,/en/parents/ear-infections.html
Ear Pits (Preauricular Pits),https://kidshealth.org/en/parents/ear-pits.html,/en/parents/ear-pits.html
Ear Tags,https://kidshealth.org/en/parents/ear-tags.html,/en/parents/ear-tags.html
Ears,https://kidshealth.org/en/parents/ears.html,/en/parents/ears.html
Kids and Diabetes: Healthy Eating at Restaurants,https://kidshealth.org/en/parents/eating-out-diabetes.html,/en/parents/eating-out-diabetes.html
Ebola,https://kidshealth.org/en/parents/ebola.html,/en/parents/ebola.html
Ebstein Anomaly,https://kidshealth.org/en/parents/ebstein-anomaly.html,/en/parents/ebstein-anomaly.html
E. Coli Infections,https://kidshealth.org/en/parents/ecoli.html,/en/parents/ecoli.html
Eczema (Atopic Dermatitis),https://kidshealth.org/en/parents/eczema-atopic-dermatitis.html,/en/parents/eczema-atopic-dermatitis.html
Editorial Policy,https://kidshealth.org/en/parents/editorial-policy.html,/en/parents/editorial-policy.html
Birth Control: Emergency Contraception,https://kidshealth.org/en/parents/emergency-contraception.html,/en/parents/emergency-contraception.html
Encephalitis,https://kidshealth.org/en/parents/encephalitis.html,/en/parents/encephalitis.html
Endocrine System & Glands,https://kidshealth.org/en/parents/endocrine.html,/en/parents/endocrine.html
Enterovirus Infections,https://kidshealth.org/en/parents/enteroviruses.html,/en/parents/enteroviruses.html
Enzymes,https://kidshealth.org/en/parents/enzymes.html,/en/parents/enzymes.html
Eosinophilic Esophagitis (EoE),https://kidshealth.org/en/parents/eosinophilic-esophagitis.html,/en/parents/eosinophilic-esophagitis.html
Epilepsy,https://kidshealth.org/en/parents/epilepsy.html,/en/parents/epilepsy.html
Erythema Multiforme,https://kidshealth.org/en/parents/erythema-multiforme.html,/en/parents/erythema-multiforme.html
Ewing Sarcoma,https://kidshealth.org/en/parents/ewings.html,/en/parents/ewings.html
Vaccines Explained: Common Questions,https://kidshealth.org/en/parents/fact-myth-immunizations.html,/en/parents/fact-myth-immunizations.html
Familial Hypercholesterolemia (FH),https://kidshealth.org/en/parents/familial-hypercholesterolemia.html,/en/parents/familial-hypercholesterolemia.html
Fanconi Anemia,https://kidshealth.org/en/parents/fanconi-anemia.html,/en/parents/fanconi-anemia.html
Farsightedness (Hyperopia),https://kidshealth.org/en/parents/farsightedness.html,/en/parents/farsightedness.html
Fever (High Temperature) in Children,https://kidshealth.org/en/parents/fever.html,/en/parents/fever.html
Fifth Disease,https://kidshealth.org/en/parents/fifth.html,/en/parents/fifth.html
Fighting Germs,https://kidshealth.org/en/parents/fighting-germs.html,/en/parents/fighting-germs.html
Is it Safe to Breastfeed if I Have the Flu?,https://kidshealth.org/en/parents/flu-breastfeeding.html,/en/parents/flu-breastfeeding.html
Who Should Get the Flu Vaccine?,https://kidshealth.org/en/parents/flu-vaccine-good.html,/en/parents/flu-vaccine-good.html
Influenza (Flu) Vaccine,https://kidshealth.org/en/parents/flu-vaccine.html,/en/parents/flu-vaccine.html
"Is It a Cold, the Flu, an RSV Infection, or COVID-19?",https://kidshealth.org/en/parents/flu-vs-cold.html,/en/parents/flu-vs-cold.html
All About the Flu (Influenza),https://kidshealth.org/en/parents/flu.html,/en/parents/flu.html
Fluoride,https://kidshealth.org/en/parents/fluoride-water.html,/en/parents/fluoride-water.html
Focal Aware Seizures,https://kidshealth.org/en/parents/focal-aware-seizures.html,/en/parents/focal-aware-seizures.html
Focal Impaired Awareness Seizures,https://kidshealth.org/en/parents/focal-impaired-aware-seizures.html,/en/parents/focal-impaired-aware-seizures.html
The Fontan Procedure,https://kidshealth.org/en/parents/fontan.html,/en/parents/fontan.html
Food Poisoning,https://kidshealth.org/en/parents/food-poisoning.html,/en/parents/food-poisoning.html
Assistive Devices: Forearm Crutches,https://kidshealth.org/en/parents/forearm-crutches.html,/en/parents/forearm-crutches.html
Functional Abdominal Pain,https://kidshealth.org/en/parents/functional-abdominal-pain.html,/en/parents/functional-abdominal-pain.html
Ringworm,https://kidshealth.org/en/parents/fungal-ringworm.html,/en/parents/fungal-ringworm.html
G6PD Deficiency,https://kidshealth.org/en/parents/g6pd.html,/en/parents/g6pd.html
Assistive Devices: Gait Trainers,https://kidshealth.org/en/parents/gait-trainer.html,/en/parents/gait-trainer.html
Galactosemia,https://kidshealth.org/en/parents/galactosemia.html,/en/parents/galactosemia.html
Gastroenteritis (Stomach Flu) in Children,https://kidshealth.org/en/parents/gastroenteritis.html,/en/parents/gastroenteritis.html
Gene Changes (Mutations),https://kidshealth.org/en/parents/gene-mutations.html,/en/parents/gene-mutations.html
Genetic Conditions,https://kidshealth.org/en/parents/genetic-passed-down.html,/en/parents/genetic-passed-down.html
Genital Warts (HPV),https://kidshealth.org/en/parents/genital-warts.html,/en/parents/genital-warts.html
Germ Cell Tumors,https://kidshealth.org/en/parents/germ-cell.html,/en/parents/germ-cell.html
Rubella (German Measles),https://kidshealth.org/en/parents/german-measles.html,/en/parents/german-measles.html
"Germs: Bacteria, Viruses, Fungi, and Protozoa",https://kidshealth.org/en/parents/germs.html,/en/parents/germs.html
Getting a Urine Test,https://kidshealth.org/en/parents/get-urine-test.html,/en/parents/get-urine-test.html
Growth Hormone Deficiency,https://kidshealth.org/en/parents/gh-deficiency.html,/en/parents/gh-deficiency.html
Giardiasis,https://kidshealth.org/en/parents/giardiasis.html,/en/parents/giardiasis.html
Glaucoma,https://kidshealth.org/en/parents/glaucoma.html,/en/parents/glaucoma.html
The Glenn Procedure,https://kidshealth.org/en/parents/glenn.html,/en/parents/glenn.html
Gliomas,https://kidshealth.org/en/parents/gliomas.html,/en/parents/gliomas.html
Goiters and Thyroid Nodules,https://kidshealth.org/en/parents/goiter.html,/en/parents/goiter.html
Group A Strep Infections,https://kidshealth.org/en/parents/group-a-strep.html,/en/parents/group-a-strep.html
Group B Strep and Pregnancy,https://kidshealth.org/en/parents/groupb.html,/en/parents/groupb.html
Growing Pains,https://kidshealth.org/en/parents/growing-pains.html,/en/parents/growing-pains.html
Growth and Your 13- to 18-Year-Old,https://kidshealth.org/en/parents/growth-13-to-18.html,/en/parents/growth-13-to-18.html
Growth Between 4 & 5 Years Old,https://kidshealth.org/en/parents/growth-4-to-5.html,/en/parents/growth-4-to-5.html
Normal Growth for 6- to 12-Year-Olds,https://kidshealth.org/en/parents/growth-6-12.html,/en/parents/growth-6-12.html
Helicobacter pylori Infections,https://kidshealth.org/en/parents/h-pylori.html,/en/parents/h-pylori.html
Hair,https://kidshealth.org/en/parents/hair.html,/en/parents/hair.html
Hemobglobin SC Disease,https://kidshealth.org/en/parents/hbsc-disease.html,/en/parents/hbsc-disease.html
Head Lice: First Aid,https://kidshealth.org/en/parents/head-lice-sheet.html,/en/parents/head-lice-sheet.html
Head Lice,https://kidshealth.org/en/parents/head-lice.html,/en/parents/head-lice.html
Hearing Aids,https://kidshealth.org/en/parents/hearing-aids.html,/en/parents/hearing-aids.html
Hearing Loss Factsheet (for Schools),https://kidshealth.org/en/parents/hearing-factsheet.html,/en/parents/hearing-factsheet.html
Heart & Blood Vessels Glossary,https://kidshealth.org/en/parents/heart-glossary.html,/en/parents/heart-glossary.html
Heat Rash (Miliaria),https://kidshealth.org/en/parents/heat-rash.html,/en/parents/heat-rash.html
Hemangiomas: Suzanne's Story,https://kidshealth.org/en/parents/hemangiomas-story.html,/en/parents/hemangiomas-story.html
Hemophilia,https://kidshealth.org/en/parents/hemophilia.html,/en/parents/hemophilia.html
Hepatitis A Vaccine (HepA) for Kids,https://kidshealth.org/en/parents/hepa-vaccine.html,/en/parents/hepa-vaccine.html
Hepatitis A,https://kidshealth.org/en/parents/hepatitis-a.html,/en/parents/hepatitis-a.html
Hepatitis B (Hep B) Virus,https://kidshealth.org/en/parents/hepatitis-b.html,/en/parents/hepatitis-b.html
Hepatitis C,https://kidshealth.org/en/parents/hepatitis-c.html,/en/parents/hepatitis-c.html
Hepatitis,https://kidshealth.org/en/parents/hepatitis.html,/en/parents/hepatitis.html
Hepatoblastoma,https://kidshealth.org/en/parents/hepatoblastoma.html,/en/parents/hepatoblastoma.html
Hepatocellular Carcinoma (HCC),https://kidshealth.org/en/parents/hepatocellular-carcinoma.html,/en/parents/hepatocellular-carcinoma.html
Hepatitis B (HepB) Vaccine,https://kidshealth.org/en/parents/hepb-vaccine.html,/en/parents/hepb-vaccine.html
What Is Herd Immunity?,https://kidshealth.org/en/parents/herd-immunity.html,/en/parents/herd-immunity.html
Hereditary Spherocytosis,https://kidshealth.org/en/parents/hereditary-spherocytosis.html,/en/parents/hereditary-spherocytosis.html
Genital Herpes,https://kidshealth.org/en/parents/herpes.html,/en/parents/herpes.html
"Hand, Foot, and Mouth Disease",https://kidshealth.org/en/parents/hfm.html,/en/parents/hfm.html
Hereditary Hemochromatosis,https://kidshealth.org/en/parents/hh.html,/en/parents/hh.html
Hib Vaccine for Kids,https://kidshealth.org/en/parents/hib-vaccine.html,/en/parents/hib-vaccine.html
Hib Disease (Haemophilus Influenzae Type b),https://kidshealth.org/en/parents/hib.html,/en/parents/hib.html
Hirschsprung Disease,https://kidshealth.org/en/parents/hirschsprung.html,/en/parents/hirschsprung.html
HIV and AIDS,https://kidshealth.org/en/parents/hiv.html,/en/parents/hiv.html
Hives (Urticaria),https://kidshealth.org/en/parents/hives.html,/en/parents/hives.html
Hoarseness,https://kidshealth.org/en/parents/hoarseness.html,/en/parents/hoarseness.html
Hodgkin Lymphoma,https://kidshealth.org/en/parents/hodgkin.html,/en/parents/hodgkin.html
Your Child's Vaccines: Human Papillomavirus (HPV) Vaccine,https://kidshealth.org/en/parents/hpv-vaccine.html,/en/parents/hpv-vaccine.html
Hydrocele,https://kidshealth.org/en/parents/hydrocele.html,/en/parents/hydrocele.html
Hyperacusis,https://kidshealth.org/en/parents/hyperacusis.html,/en/parents/hyperacusis.html
Hyperglycemia and Diabetes,https://kidshealth.org/en/parents/hyperglycemia.html,/en/parents/hyperglycemia.html
Hyperthyroidism and Graves Disease,https://kidshealth.org/en/parents/hyperthyroidism.html,/en/parents/hyperthyroidism.html
Hypoglycemia and Diabetes,https://kidshealth.org/en/parents/hypoglycemia.html,/en/parents/hypoglycemia.html
Hypoplastic Left Heart Syndrome (HLHS),https://kidshealth.org/en/parents/hypoplastic-heart.html,/en/parents/hypoplastic-heart.html
Hypospadias,https://kidshealth.org/en/parents/hypospadias.html,/en/parents/hypospadias.html
Hypothyroidism and Hashimoto Thyroiditis,https://kidshealth.org/en/parents/hypothyroidism.html,/en/parents/hypothyroidism.html
Hypotonic Cerebral Palsy,https://kidshealth.org/en/parents/hypotonic-cp.html,/en/parents/hypotonic-cp.html
Vaccines and IBD,https://kidshealth.org/en/parents/ibd-immunizations.html,/en/parents/ibd-immunizations.html
Iron-Deficiency Anemia,https://kidshealth.org/en/parents/ida.html,/en/parents/ida.html
Vaccine Schedule for Kids and Teens,https://kidshealth.org/en/parents/immunization-chart.html,/en/parents/immunization-chart.html
Imperforate Anus,https://kidshealth.org/en/parents/imperforate-anus.html,/en/parents/imperforate-anus.html
Impetigo,https://kidshealth.org/en/parents/impetigo.html,/en/parents/impetigo.html
Infantile Hemangiomas,https://kidshealth.org/en/parents/infantile-hemangioma.html,/en/parents/infantile-hemangioma.html
Infantile Spasms,https://kidshealth.org/en/parents/infantile-spasms.html,/en/parents/infantile-spasms.html
Inflammation,https://kidshealth.org/en/parents/inflammation.html,/en/parents/inflammation.html
How to Give an Insulin Injection,https://kidshealth.org/en/parents/injection-graphic.html,/en/parents/injection-graphic.html
Insomnia in Teens: What Parents Should Know,https://kidshealth.org/en/parents/insomnia-teens.html,/en/parents/insomnia-teens.html
Intractable Epilepsy,https://kidshealth.org/en/parents/intractable-epilepsy.html,/en/parents/intractable-epilepsy.html
Birth Control: IUDs,https://kidshealth.org/en/parents/iud.html,/en/parents/iud.html
Juvenile Myelomonocytic Leukemia (JMML),https://kidshealth.org/en/parents/jmml.html,/en/parents/jmml.html
Jock Itch,https://kidshealth.org/en/parents/jock-itch.html,/en/parents/jock-itch.html
Juvenile Nasopharyngeal Angiofibroma,https://kidshealth.org/en/parents/juvenile-asopharyngeal-angiofibroma.html,/en/parents/juvenile-asopharyngeal-angiofibroma.html
Juvenile Myoclonic Epilepsy,https://kidshealth.org/en/parents/juvenile-myoclonic-epilepsy.html,/en/parents/juvenile-myoclonic-epilepsy.html
Keratosis Pilaris (Chicken Skin),https://kidshealth.org/en/parents/keratosis-pilaris.html,/en/parents/keratosis-pilaris.html
Kidney Transplant,https://kidshealth.org/en/parents/kidney-transplant.html,/en/parents/kidney-transplant.html
Klinefelter Syndrome,https://kidshealth.org/en/parents/klinefelter-syndrome.html,/en/parents/klinefelter-syndrome.html
Strep Test: Throat Culture,https://kidshealth.org/en/parents/labtest11.html,/en/parents/labtest11.html
Blood Culture,https://kidshealth.org/en/parents/labtest3.html,/en/parents/labtest3.html
Blood Test: Complete Blood Count,https://kidshealth.org/en/parents/labtest4.html,/en/parents/labtest4.html
Basic Blood Chemistry Tests,https://kidshealth.org/en/parents/labtest5.html,/en/parents/labtest5.html
Urine Tests,https://kidshealth.org/en/parents/labtest7.html,/en/parents/labtest7.html
Stool Tests,https://kidshealth.org/en/parents/labtest8.html,/en/parents/labtest8.html
Laryngomalacia,https://kidshealth.org/en/parents/laryngomalacia.html,/en/parents/laryngomalacia.html
Late Effects of Cancer and Cancer Treatment,https://kidshealth.org/en/parents/late-effects.html,/en/parents/late-effects.html
Is It Too Late for the Flu Vaccine?,https://kidshealth.org/en/parents/late-flu-shot.html,/en/parents/late-flu-shot.html
"Learning, Play, and Your  8- to 12-Month-Old",https://kidshealth.org/en/parents/learn812m.html,/en/parents/learn812m.html
Assistive Devices: Leg Braces,https://kidshealth.org/en/parents/leg-braces.html,/en/parents/leg-braces.html
Lennox-Gastaut Syndrome,https://kidshealth.org/en/parents/lennox-gastaut-syndrome.html,/en/parents/lennox-gastaut-syndrome.html
Listeria Infections,https://kidshealth.org/en/parents/listeria.html,/en/parents/listeria.html
Liver Tumors,https://kidshealth.org/en/parents/liver-tumors.html,/en/parents/liver-tumors.html
Undifferentiated Embryonal Sarcoma of the Liver (UESL),https://kidshealth.org/en/parents/liver-uesl.html,/en/parents/liver-uesl.html
Long QT Syndrome,https://kidshealth.org/en/parents/long-qt-syndrome.html,/en/parents/long-qt-syndrome.html
Lyme Disease,https://kidshealth.org/en/parents/lyme.html,/en/parents/lyme.html
Lymphatic Malformations,https://kidshealth.org/en/parents/lymphatic-malformations.html,/en/parents/lymphatic-malformations.html
Malaria,https://kidshealth.org/en/parents/malaria.html,/en/parents/malaria.html
Intestinal Malrotation,https://kidshealth.org/en/parents/malrotation.html,/en/parents/malrotation.html
Healthy Eating for Children With Diabetes,https://kidshealth.org/en/parents/meal-plans-diabetes.html,/en/parents/meal-plans-diabetes.html
Measles: What You Need to Know,https://kidshealth.org/en/parents/measles-keeping-family-safe.html,/en/parents/measles-keeping-family-safe.html
Measles (Rubeola),https://kidshealth.org/en/parents/measles.html,/en/parents/measles.html
Meatal Stenosis,https://kidshealth.org/en/parents/meatal-stenosis.html,/en/parents/meatal-stenosis.html
Medulloblastoma,https://kidshealth.org/en/parents/medulloblastoma.html,/en/parents/medulloblastoma.html
Melatonin Supplements,https://kidshealth.org/en/parents/melatonin-supplements.html,/en/parents/melatonin-supplements.html
Meningococcal Vaccine for Kids & Teens,https://kidshealth.org/en/parents/meningitis-vaccine.html,/en/parents/meningitis-vaccine.html
Meningitis in Kids,https://kidshealth.org/en/parents/meningitis.html,/en/parents/meningitis.html
Metabolic Syndrome,https://kidshealth.org/en/parents/metabolic-syndrome.html,/en/parents/metabolic-syndrome.html
Migraine Headaches,https://kidshealth.org/en/parents/migraines.html,/en/parents/migraines.html
Misophonia,https://kidshealth.org/en/parents/misophonia.html,/en/parents/misophonia.html
"Your Child's Vaccines: Measles, Mumps & Rubella (MMR) Vaccine",https://kidshealth.org/en/parents/mmr-vaccine.html,/en/parents/mmr-vaccine.html
Molluscum Contagiosum,https://kidshealth.org/en/parents/molluscum-contagiosum.html,/en/parents/molluscum-contagiosum.html
Mpox (Monkeypox),https://kidshealth.org/en/parents/monkeypox.html,/en/parents/monkeypox.html
Mononucleosis (Mono),https://kidshealth.org/en/parents/mono.html,/en/parents/mono.html
Mosquito-Borne Diseases,https://kidshealth.org/en/parents/mosquito-diseases.html,/en/parents/mosquito-diseases.html
MRSA,https://kidshealth.org/en/parents/mrsa.html,/en/parents/mrsa.html
Maple Syrup Urine Disease,https://kidshealth.org/en/parents/msud.html,/en/parents/msud.html
Mumps,https://kidshealth.org/en/parents/mumps.html,/en/parents/mumps.html
Heart Murmurs,https://kidshealth.org/en/parents/murmurs.html,/en/parents/murmurs.html
Mitral Valve Prolapse,https://kidshealth.org/en/parents/mvp.html,/en/parents/mvp.html
Nails,https://kidshealth.org/en/parents/nails.html,/en/parents/nails.html
Nearsightedness (Myopia),https://kidshealth.org/en/parents/nearsightedness.html,/en/parents/nearsightedness.html
Nephrotic Syndrome,https://kidshealth.org/en/parents/nephrotic-syndrome.html,/en/parents/nephrotic-syndrome.html
Neuroblastoma,https://kidshealth.org/en/parents/neuroblastoma.html,/en/parents/neuroblastoma.html
Neutropenia,https://kidshealth.org/en/parents/neutropenia.html,/en/parents/neutropenia.html
Nightmares,https://kidshealth.org/en/parents/nightmare.html,/en/parents/nightmare.html
Noonan Syndrome,https://kidshealth.org/en/parents/noonan-syndrome.html,/en/parents/noonan-syndrome.html
Norovirus,https://kidshealth.org/en/parents/norovirus.html,/en/parents/norovirus.html
The Norwood Procedure,https://kidshealth.org/en/parents/norwood.html,/en/parents/norwood.html
How to Take an Oral Temperature,https://kidshealth.org/en/parents/oral-temperature.html,/en/parents/oral-temperature.html
Osteomyelitis,https://kidshealth.org/en/parents/osteomyelitis.html,/en/parents/osteomyelitis.html
Middle Ear Infections (Otitis Media),https://kidshealth.org/en/parents/otitis-media.html,/en/parents/otitis-media.html
PANDAS and PANS,https://kidshealth.org/en/parents/pandas.html,/en/parents/pandas.html
Parechovirus,https://kidshealth.org/en/parents/parechovirus.html,/en/parents/parechovirus.html
Paronychia (Nail Infection),https://kidshealth.org/en/parents/paronychia.html,/en/parents/paronychia.html
Partner with Nemours KidsHealth,https://kidshealth.org/en/parents/partners.html,/en/parents/partners.html
Patent Ductus Arteriosus (PDA),https://kidshealth.org/en/parents/patent-ductus-arteriosus.html,/en/parents/patent-ductus-arteriosus.html
Pelvic Inflammatory Disease,https://kidshealth.org/en/parents/pelvic-inflammatory-disease.html,/en/parents/pelvic-inflammatory-disease.html
Peritonsillar Abscess,https://kidshealth.org/en/parents/peritonsillar-abscess.html,/en/parents/peritonsillar-abscess.html
Permissions Guidelines,https://kidshealth.org/en/parents/permissions-guidelines.html,/en/parents/permissions-guidelines.html
Infections That Pets Can Spread,https://kidshealth.org/en/parents/pet-infections.html,/en/parents/pet-infections.html
Patent Foramen Ovale (PFO),https://kidshealth.org/en/parents/pfo.html,/en/parents/pfo.html
Phenylketonuria (PKU),https://kidshealth.org/en/parents/phenylketonuria.html,/en/parents/phenylketonuria.html
Pilonidal Cyst,https://kidshealth.org/en/parents/pilonidal-cyst.html,/en/parents/pilonidal-cyst.html
Pinworm Infections,https://kidshealth.org/en/parents/pinworm.html,/en/parents/pinworm.html
Pityriasis Rosea,https://kidshealth.org/en/parents/pityriasis-rosea.html,/en/parents/pityriasis-rosea.html
Tinea Versicolor,https://kidshealth.org/en/parents/pityriasis-versicolor.html,/en/parents/pityriasis-versicolor.html
Plastic Bronchitis,https://kidshealth.org/en/parents/plastic-bronchitis.html,/en/parents/plastic-bronchitis.html
COVID-19 and Multisystem Inflammatory Syndrome in Children (MIS-C),https://kidshealth.org/en/parents/pmis.html,/en/parents/pmis.html
"Your Child's Vaccines: Pneumococcal Vaccines (PCV, PPSV)",https://kidshealth.org/en/parents/pneumococcal-vaccine.html,/en/parents/pneumococcal-vaccine.html
Pneumocystis Pneumonia,https://kidshealth.org/en/parents/pneumocystis.html,/en/parents/pneumocystis.html
Pneumomediastinum,https://kidshealth.org/en/parents/pneumomediastinum.html,/en/parents/pneumomediastinum.html
Pneumonia in Kids,https://kidshealth.org/en/parents/pneumonia.html,/en/parents/pneumonia.html
Privacy Policy and Terms of Use,https://kidshealth.org/en/parents/policy.html,/en/parents/policy.html
"Polio Vaccines (IPV, OPV) for Kids",https://kidshealth.org/en/parents/polio-vaccine.html,/en/parents/polio-vaccine.html
Polio,https://kidshealth.org/en/parents/polio.html,/en/parents/polio.html
The Ponseti Clubfoot Brace: Tips for Parents,https://kidshealth.org/en/parents/ponseti-brace-tips.html,/en/parents/ponseti-brace-tips.html
The Ponseti Method: Bracing Phase,https://kidshealth.org/en/parents/ponseti-bracing.html,/en/parents/ponseti-bracing.html
The Ponseti Method: Casting Phase,https://kidshealth.org/en/parents/ponseti-casting.html,/en/parents/ponseti-casting.html
Powassan Virus Disease,https://kidshealth.org/en/parents/powassan-virus.html,/en/parents/powassan-virus.html
Assistive Devices: Power Wheelchair,https://kidshealth.org/en/parents/power-wheelchair.html,/en/parents/power-wheelchair.html
Precocious Puberty,https://kidshealth.org/en/parents/precocious.html,/en/parents/precocious.html
Taking Care of Your Mental Health During Pregnancy,https://kidshealth.org/en/parents/pregnant-mental-health.html,/en/parents/pregnant-mental-health.html
Premature Ventricular Contractions,https://kidshealth.org/en/parents/premature-ventricular-contractions.html,/en/parents/premature-ventricular-contractions.html
PrEP (Pre-Exposure Prophylaxis),https://kidshealth.org/en/parents/prep.html,/en/parents/prep.html
Protein-Losing Enteropathy,https://kidshealth.org/en/parents/protein-losing-enteropathy.html,/en/parents/protein-losing-enteropathy.html
Proton Therapy for Cancer,https://kidshealth.org/en/parents/proton-therapy.html,/en/parents/proton-therapy.html
Protruding Ears,https://kidshealth.org/en/parents/protruding-ears.html,/en/parents/protruding-ears.html
Ptosis,https://kidshealth.org/en/parents/ptosis.html,/en/parents/ptosis.html
Pubic Lice (Crabs),https://kidshealth.org/en/parents/pubic-lice.html,/en/parents/pubic-lice.html
Pulmonary Stenosis,https://kidshealth.org/en/parents/pulmonary-stenosis.html,/en/parents/pulmonary-stenosis.html
Pyruvate Kinase Deficiency,https://kidshealth.org/en/parents/pyruvate-kinase-deficiency.html,/en/parents/pyruvate-kinase-deficiency.html
Rabies,https://kidshealth.org/en/parents/rabies.html,/en/parents/rabies.html
Radial Dysplasia,https://kidshealth.org/en/parents/radial-dysplasia.html,/en/parents/radial-dysplasia.html
Rashes: First Aid,https://kidshealth.org/en/parents/rashes-sheet.html,/en/parents/rashes-sheet.html
Raynauds Syndrome,https://kidshealth.org/en/parents/raynauds-syndrome.html,/en/parents/raynauds-syndrome.html
How to Take a Rectal Temperature,https://kidshealth.org/en/parents/rectal-temperature.html,/en/parents/rectal-temperature.html
Recurrent Urinary Tract Infections (UTIs) and Related Conditions,https://kidshealth.org/en/parents/recurrent-uti-infections.html,/en/parents/recurrent-uti-infections.html
Renal Tubular Acidosis,https://kidshealth.org/en/parents/renal-tubular-acidosis.html,/en/parents/renal-tubular-acidosis.html
Using Insect Repellents Safely,https://kidshealth.org/en/parents/repellent-use-safety.html,/en/parents/repellent-use-safety.html
Retinitis Pigmentosa,https://kidshealth.org/en/parents/retinitis-pigmentosa.html,/en/parents/retinitis-pigmentosa.html
Retinoblastoma,https://kidshealth.org/en/parents/retinoblastoma.html,/en/parents/retinoblastoma.html
Retropharyngeal Abscess,https://kidshealth.org/en/parents/retropharyngeal-abscess.html,/en/parents/retropharyngeal-abscess.html
Reye Syndrome,https://kidshealth.org/en/parents/reye.html,/en/parents/reye.html
Rhabdoid Tumor of the Liver,https://kidshealth.org/en/parents/rhabdoid-liver.html,/en/parents/rhabdoid-liver.html
Rickets,https://kidshealth.org/en/parents/rickets.html,/en/parents/rickets.html
Ringworm: What to Do,https://kidshealth.org/en/parents/ringworm-sheet.html,/en/parents/ringworm-sheet.html
Rhabdomyosarcoma (RMS),https://kidshealth.org/en/parents/rms.html,/en/parents/rms.html
Rocky Mountain Spotted Fever,https://kidshealth.org/en/parents/rocky.html,/en/parents/rocky.html
Roseola,https://kidshealth.org/en/parents/roseola.html,/en/parents/roseola.html
Your Child's Vaccines: Rotavirus Vaccine (RV),https://kidshealth.org/en/parents/rotavirus-vaccine.html,/en/parents/rotavirus-vaccine.html
Rotavirus,https://kidshealth.org/en/parents/rotavirus.html,/en/parents/rotavirus.html
Respiratory Syncytial Virus (RSV),https://kidshealth.org/en/parents/rsv.html,/en/parents/rsv.html
Rumination Syndrome,https://kidshealth.org/en/parents/rumination-syndrome.html,/en/parents/rumination-syndrome.html
Salmonella Infections,https://kidshealth.org/en/parents/salmonellosis.html,/en/parents/salmonellosis.html
Scabies,https://kidshealth.org/en/parents/scabies.html,/en/parents/scabies.html
Scarlet Fever,https://kidshealth.org/en/parents/scarlet-fever.html,/en/parents/scarlet-fever.html
Scheuermann's Kyphosis,https://kidshealth.org/en/parents/scheuermann-kyphosis.html,/en/parents/scheuermann-kyphosis.html
Scoliosis: Bracing,https://kidshealth.org/en/parents/scoliosis-brace.html,/en/parents/scoliosis-brace.html
Scoliosis,https://kidshealth.org/en/parents/scoliosis.html,/en/parents/scoliosis.html
Spondyloepiphyseal Dysplasia Congenita (SEDc),https://kidshealth.org/en/parents/sedc-dysplasia.html,/en/parents/sedc-dysplasia.html
Sepsis,https://kidshealth.org/en/parents/sepsis.html,/en/parents/sepsis.html
Sever's Disease,https://kidshealth.org/en/parents/severs-disease.html,/en/parents/severs-disease.html
Abusive Head Trauma (Shaken Baby Syndrome),https://kidshealth.org/en/parents/shaken.html,/en/parents/shaken.html
Shigella Infections (Shigellosis),https://kidshealth.org/en/parents/shigella.html,/en/parents/shigella.html
Shin Splints,https://kidshealth.org/en/parents/shin-splints.html,/en/parents/shin-splints.html
Shingles,https://kidshealth.org/en/parents/shingles.html,/en/parents/shingles.html
Understanding Sickle Cell Disease,https://kidshealth.org/en/parents/sickle-cell-articles.html,/en/parents/sickle-cell-articles.html
Sickle Cell Trait,https://kidshealth.org/en/parents/sickle-cell-trait.html,/en/parents/sickle-cell-trait.html
Single Ventricle Defects,https://kidshealth.org/en/parents/single-vent-defects.html,/en/parents/single-vent-defects.html
Sinusitis (Sinus Infection),https://kidshealth.org/en/parents/sinusitis.html,/en/parents/sinusitis.html
Skin,https://kidshealth.org/en/parents/skin.html,/en/parents/skin.html
Is It OK for My Child to Use Skin Care Products?,https://kidshealth.org/en/parents/skincare-products.html,/en/parents/skincare-products.html
10 Ways to Help Your Child Get a Better Night’s Sleep,https://kidshealth.org/en/parents/sleep-hygiene.html,/en/parents/sleep-hygiene.html
Sleep and Your Preschooler,https://kidshealth.org/en/parents/sleep-preschool.html,/en/parents/sleep-preschool.html
Sleep and Your Teen,https://kidshealth.org/en/parents/sleep-problems.html,/en/parents/sleep-problems.html
How Much Sleep Do Kids Need?,https://kidshealth.org/en/parents/sleep.html,/en/parents/sleep.html
Toddler Sleep: 1- to 2-Year-Olds,https://kidshealth.org/en/parents/sleep12yr.html,/en/parents/sleep12yr.html
Sleepwalking,https://kidshealth.org/en/parents/sleepwalking.html,/en/parents/sleepwalking.html
Spinal Muscular Atrophy (SMA),https://kidshealth.org/en/parents/sma.html,/en/parents/sma.html
Smallpox,https://kidshealth.org/en/parents/smallpox.html,/en/parents/smallpox.html
Spastic Cerebral Palsy,https://kidshealth.org/en/parents/spastic-cp.html,/en/parents/spastic-cp.html
Speech-Language Therapy for Children With Cleft Palate,https://kidshealth.org/en/parents/speech-therapy-cleft-palate.html,/en/parents/speech-therapy-cleft-palate.html
Birth Control: Spermicide,https://kidshealth.org/en/parents/spermicide.html,/en/parents/spermicide.html
Splints,https://kidshealth.org/en/parents/splints.html,/en/parents/splints.html
Spondylolisthesis,https://kidshealth.org/en/parents/spondylolisthesis.html,/en/parents/spondylolisthesis.html
Spondylolysis,https://kidshealth.org/en/parents/spondylolysis.html,/en/parents/spondylolysis.html
Staph Infections,https://kidshealth.org/en/parents/staphylococcus.html,/en/parents/staphylococcus.html
How Do I Care for My Baby's Teeth?,https://kidshealth.org/en/parents/start-brushing-teeth.html,/en/parents/start-brushing-teeth.html
Talking to Your Kids About STDs,https://kidshealth.org/en/parents/stds-talk.html,/en/parents/stds-talk.html
Stomachaches,https://kidshealth.org/en/parents/stomachaches.html,/en/parents/stomachaches.html
Strabismus,https://kidshealth.org/en/parents/strabismus.html,/en/parents/strabismus.html
Strep Throat in Kids & Teens,https://kidshealth.org/en/parents/strep-throat.html,/en/parents/strep-throat.html
Stress Fractures,https://kidshealth.org/en/parents/stress-fractures.html,/en/parents/stress-fractures.html
Strokes,https://kidshealth.org/en/parents/strokes.html,/en/parents/strokes.html
Sturge-Weber Syndrome,https://kidshealth.org/en/parents/sturge-weber-syndrome.html,/en/parents/sturge-weber-syndrome.html
Eye Styes (Hordeolum),https://kidshealth.org/en/parents/stye.html,/en/parents/stye.html
Subconjunctival Hemorrhage,https://kidshealth.org/en/parents/subconjunctival-hemorrhage.html,/en/parents/subconjunctival-hemorrhage.html
Swimmer's Ear (Otitis Externa),https://kidshealth.org/en/parents/swimmer-ear.html,/en/parents/swimmer-ear.html
Symbrachydactyly,https://kidshealth.org/en/parents/symbrachydactyly.html,/en/parents/symbrachydactyly.html
Syndactyly,https://kidshealth.org/en/parents/syndactyly.html,/en/parents/syndactyly.html
Syphilis,https://kidshealth.org/en/parents/syphilis.html,/en/parents/syphilis.html
Taking Your Child's Temperature,https://kidshealth.org/en/parents/take-temperature.html,/en/parents/take-temperature.html
STDs,https://kidshealth.org/en/parents/talk-child-stds.html,/en/parents/talk-child-stds.html
Helping Your Child Adjust to Diabetes,https://kidshealth.org/en/parents/talking-diabetes.html,/en/parents/talking-diabetes.html
Tapeworm,https://kidshealth.org/en/parents/tapeworm.html,/en/parents/tapeworm.html
Tay-Sachs Disease,https://kidshealth.org/en/parents/tay-sachs.html,/en/parents/tay-sachs.html
Treacher Collins Syndrome,https://kidshealth.org/en/parents/tcs.html,/en/parents/tcs.html
What's Tear Duct Massage (Treating Tear-Duct Blockage)? (Video),https://kidshealth.org/en/parents/tear_duct_massage_animation.html,/en/parents/tear_duct_massage_animation.html
What's a Tear Duct Probe (Treating Tear-Duct Blockage)? (Video),https://kidshealth.org/en/parents/tear_duct_probe_animation.html,/en/parents/tear_duct_probe_animation.html
Temporal Lobe Epilepsy,https://kidshealth.org/en/parents/temporal-lobe-epilepsy.html,/en/parents/temporal-lobe-epilepsy.html
Night Terrors,https://kidshealth.org/en/parents/terrors.html,/en/parents/terrors.html
Testicular Cancer,https://kidshealth.org/en/parents/testicular-cancer.html,/en/parents/testicular-cancer.html
Tetanus,https://kidshealth.org/en/parents/tetanus.html,/en/parents/tetanus.html
Tetralogy of Fallot (TOF),https://kidshealth.org/en/parents/tetralogy-of-fallot.html,/en/parents/tetralogy-of-fallot.html
Alpha Thalassemia,https://kidshealth.org/en/parents/thalassemias.html,/en/parents/thalassemias.html
Oral Thrush,https://kidshealth.org/en/parents/thrush.html,/en/parents/thrush.html
Thumb Duplication,https://kidshealth.org/en/parents/thumb-duplication.html,/en/parents/thumb-duplication.html
Thumb Hypoplasia,https://kidshealth.org/en/parents/thumb-hypoplasia.html,/en/parents/thumb-hypoplasia.html
Thyroid Cancer,https://kidshealth.org/en/parents/thyroid-cancer.html,/en/parents/thyroid-cancer.html
Thyroid Tests,https://kidshealth.org/en/parents/thyroid-tests.html,/en/parents/thyroid-tests.html
Tick Removal: A Step-by-Step Guide,https://kidshealth.org/en/parents/tick-removal.html,/en/parents/tick-removal.html
TMJ Disorders,https://kidshealth.org/en/parents/tmj.html,/en/parents/tmj.html
Transition of Care: Crohn's Disease,https://kidshealth.org/en/parents/toc-crohns.html,/en/parents/toc-crohns.html
Transition of Care: Ulcerative Colitis,https://kidshealth.org/en/parents/toc-uc.html,/en/parents/toc-uc.html
Toe Walking,https://kidshealth.org/en/parents/toe-walking.html,/en/parents/toe-walking.html
Tongue Tie (Ankyloglossia),https://kidshealth.org/en/parents/tongue-tie.html,/en/parents/tongue-tie.html
Generalized Tonic-Clonic Seizures,https://kidshealth.org/en/parents/tonic-clonic-seizures.html,/en/parents/tonic-clonic-seizures.html
Tonsillitis,https://kidshealth.org/en/parents/tonsillitis.html,/en/parents/tonsillitis.html
Torticollis,https://kidshealth.org/en/parents/torticollis-kids.html,/en/parents/torticollis-kids.html
Toxic Shock Syndrome,https://kidshealth.org/en/parents/toxic-shock.html,/en/parents/toxic-shock.html
Toxic Synovitis,https://kidshealth.org/en/parents/toxic-synovitis.html,/en/parents/toxic-synovitis.html
Toxocariasis,https://kidshealth.org/en/parents/toxocariasis.html,/en/parents/toxocariasis.html
Toxoplasmosis,https://kidshealth.org/en/parents/toxoplasmosis.html,/en/parents/toxoplasmosis.html
Keeping Track of Your Child’s Blood Sugar,https://kidshealth.org/en/parents/track-blood-sugar.html,/en/parents/track-blood-sugar.html
Do Kids Need Vaccines Before Traveling?,https://kidshealth.org/en/parents/travel-vaccinations.html,/en/parents/travel-vaccinations.html
Treating Appendicitis: Comparing Surgery With Antibiotic Treatment,https://kidshealth.org/en/parents/treating-appendicitis.html,/en/parents/treating-appendicitis.html
Treating Type 1 Diabetes,https://kidshealth.org/en/parents/treating-type1.html,/en/parents/treating-type1.html
Trichomoniasis,https://kidshealth.org/en/parents/trichomoniasis.html,/en/parents/trichomoniasis.html
Tricuspid Atresia,https://kidshealth.org/en/parents/tricuspid-atresia.html,/en/parents/tricuspid-atresia.html
Triple X Syndrome,https://kidshealth.org/en/parents/triple-x-syndrome.html,/en/parents/triple-x-syndrome.html
Truncus Arteriosus,https://kidshealth.org/en/parents/truncus-arteriosus.html,/en/parents/truncus-arteriosus.html
Tuberculosis (TB) in Kids & Teens,https://kidshealth.org/en/parents/tuberculosis.html,/en/parents/tuberculosis.html
Tuberous Sclerosis Complex,https://kidshealth.org/en/parents/tuberous-sclerosis.html,/en/parents/tuberous-sclerosis.html
Turner Syndrome,https://kidshealth.org/en/parents/turner.html,/en/parents/turner.html
What Is Type 1 Diabetes?,https://kidshealth.org/en/parents/type1.html,/en/parents/type1.html
Typhoid Fever,https://kidshealth.org/en/parents/typhoid.html,/en/parents/typhoid.html
Ulcerative Colitis,https://kidshealth.org/en/parents/ulcerative-colitis.html,/en/parents/ulcerative-colitis.html
Ulnar Dysplasia,https://kidshealth.org/en/parents/ulnar-dysplasia.html,/en/parents/ulnar-dysplasia.html
Urinary Tract Infections (UTIs),https://kidshealth.org/en/parents/urinary.html,/en/parents/urinary.html
Vaccine Safety: Common Questions,https://kidshealth.org/en/parents/vaccine-safety.html,/en/parents/vaccine-safety.html
Your Child's Vaccines,https://kidshealth.org/en/parents/vaccine.html,/en/parents/vaccine.html
Vaccines & Antibiotics: A Safe Combo?,https://kidshealth.org/en/parents/vaccines-and-antibiotics.html,/en/parents/vaccines-and-antibiotics.html
Vaccines and Your Child: Common Questions,https://kidshealth.org/en/parents/vaccines-and-child.html,/en/parents/vaccines-and-child.html
Vaginitis in Children,https://kidshealth.org/en/parents/vaginitis.html,/en/parents/vaginitis.html
Your Child's Vaccines: Chickenpox Vaccine,https://kidshealth.org/en/parents/varicella-vaccine.html,/en/parents/varicella-vaccine.html
Velopharyngeal Dysfunction (VPD),https://kidshealth.org/en/parents/velopharyngeal-dysfunction.html,/en/parents/velopharyngeal-dysfunction.html
Venous Malformations,https://kidshealth.org/en/parents/venous-malformations.html,/en/parents/venous-malformations.html
Vitiligo,https://kidshealth.org/en/parents/vitiligo.html,/en/parents/vitiligo.html
Vocal Cord Dysfunction (VCD),https://kidshealth.org/en/parents/vocal-cord-dysfunction.html,/en/parents/vocal-cord-dysfunction.html
Ventricular Septal Defect (VSD),https://kidshealth.org/en/parents/vsd.html,/en/parents/vsd.html
Von Willebrand Disease,https://kidshealth.org/en/parents/vwd.html,/en/parents/vwd.html
"Walking Pneumonia in Kids: Signs, Diagnosis & Treatment",https://kidshealth.org/en/parents/walking-pneumonia.html,/en/parents/walking-pneumonia.html
Warts,https://kidshealth.org/en/parents/wart.html,/en/parents/wart.html
West Nile Virus,https://kidshealth.org/en/parents/west-nile.html,/en/parents/west-nile.html
Whooping Cough (Pertussis),https://kidshealth.org/en/parents/whooping-cough.html,/en/parents/whooping-cough.html
Williams Syndrome,https://kidshealth.org/en/parents/williams-syndrome.html,/en/parents/williams-syndrome.html
Wilms Tumor,https://kidshealth.org/en/parents/wilms.html,/en/parents/wilms.html
Birth Control: Withdrawal,https://kidshealth.org/en/parents/withdrawal.html,/en/parents/withdrawal.html
Wound Healing and Care,https://kidshealth.org/en/parents/wound-care.html,/en/parents/wound-care.html
The WREX Orthosis (Assistive Device),https://kidshealth.org/en/parents/wrex.html,/en/parents/wrex.html
XYY Syndrome,https://kidshealth.org/en/parents/xyy-syndrome.html,/en/parents/xyy-syndrome.html
Vaginal Yeast Infections,https://kidshealth.org/en/parents/yeast-infection.html,/en/parents/yeast-infection.html
Yersiniosis,https://kidshealth.org/en/parents/yersinia.html,/en/parents/yersinia.html
Zika Virus,https://kidshealth.org/en/parents/zika-virus.html,/en/parents/zika-virus.html
